Id,Prediction
10000BC,7054026.0279
21,7054026.0279
27dresses,7054026.0279
88minutes,7054026.0279
Defiance,7054026.0279
Haroldandkumarescape,7054026.0279
airibreathe,7054026.0279
alexandra,7054026.0279
americancarol,7054026.0279
anamorph,7054026.0279
andwhendidyoulastseeyourfather,7054026.0279
appaloosa,7054026.0279
ashesoftimeredux,7054026.0279
august,7054026.0279
babylonad,7054026.0279
babymama,7054026.0279
babysitters,7054026.0279
bandsvisit,7054026.0279
bangkokdangerous2008,7054026.0279
bankjob,7054026.0279
battleinseattle,7054026.0279
bedtimestories,7054026.0279
beerformyhorses,7054026.0279
beforeiforget,7054026.0279
bekindrewind,7054026.0279
benjaminbutton2008,7054026.0279
bestofbothworlds,7054026.0279
betrayal,7054026.0279
beverlyhillschihuahua,7054026.0279
biggerstrongerfaster,7054026.0279
blindmountain,7054026.0279
blindness2008,7054026.0279
boardinggate,7054026.0279
bodyoflies,7054026.0279
bolt,7054026.0279
bonneville,7054026.0279
bottleshock,7054026.0279
boyinthestripedpajamas,7054026.0279
breakfastwithscot,7054026.0279
bridesheadrevisited,7054026.0279
burnafterreading,7054026.0279
businessofbeingborn,7054026.0279
bustindownthedoor,7054026.0279
cadillacrecords,7054026.0279
caramel,7054026.0279
cassandrasdream,7054026.0279
changeling2008,7054026.0279
chaostheory,7054026.0279
chapter27,7054026.0279
charliebartlett,7054026.0279
childrenofhuangshi,7054026.0279
chopshop,7054026.0279
chrisanddon,7054026.0279
christmasonmars,7054026.0279
cityofember,7054026.0279
cityofmen,7054026.0279
cj7,7054026.0279
clonewars,7054026.0279
cloverfield,7054026.0279
college2008,7054026.0279
collegeroadtrip,7054026.0279
counterfeiters,7054026.0279
cover,7054026.0279
csny,7054026.0279
cthulhu,7054026.0279
darkknight,7054026.0279
darkstreets,7054026.0279
daysandclouds,7054026.0279
daytheearthstoodstill,7054026.0279
dayzero,7054026.0279
deal2008,7054026.0279
dearzachary,7054026.0279
deathdefyingacts,7054026.0279
deathrace,7054026.0279
deception,7054026.0279
definitelymaybe,7054026.0279
delgo,7054026.0279
diaryofthedead2008,7054026.0279
disastermovie,7054026.0279
doomsday,7054026.0279
doubt,7054026.0279
drillbittaylor,7054026.0279
duchess2008,7054026.0279
eagleeye,7054026.0279
eden,7054026.0279
edgeofheaven,7054026.0279
elegy,7054026.0279
elitesquad,7054026.0279
encountersattheendoftheworld,7054026.0279
everybodywantstobeitalian,7054026.0279
expellednointelligenceallowed,7054026.0279
express,7054026.0279
eye2008,7054026.0279
fall2006,7054026.0279
familythatpreys,7054026.0279
filthandwisdom,7054026.0279
findingamanda,7054026.0279
fireproof,7054026.0279
firstsunday,7054026.0279
flashofgenius2008,7054026.0279
flashpoint,7054026.0279
flawless2007,7054026.0279
flightoftheredballoon,7054026.0279
flowforloveofwater,7054026.0279
flymetothemoon,7054026.0279
foolsgold,7054026.0279
forbiddenkingdom,7054026.0279
foreverstrong,7054026.0279
forgettingsarahmarshall,7054026.0279
fourchristmases,7054026.0279
frostnixon,7054026.0279
frozenriver,7054026.0279
fullbattlerattle,7054026.0279
funnygames2008,7054026.0279
gardensofthenight,7054026.0279
getsmart,7054026.0279
ghosttown,7054026.0279
glassaportraitofphilipintwelveparts,7054026.0279
gonzo,7054026.0279
gooddick,7054026.0279
grantorino,7054026.0279
hamlet2,7054026.0279
hammer,7054026.0279
hancock,7054026.0279
happening,7054026.0279
happygolucky,7054026.0279
harvardbeatsyale,7054026.0279
hauntingofmollyhartley,7054026.0279
hellboy2,7054026.0279
hellride,7054026.0279
henrypoole,7054026.0279
holdingtrevor,7054026.0279
hortonhears,7054026.0279
hottieandthenottie,7054026.0279
hounddog,7054026.0279
housebunny,7054026.0279
howaboutyou,7054026.0279
howshemove,7054026.0279
howtorobabank,7054026.0279
hsm3,7054026.0279
hunger,7054026.0279
igor,7054026.0279
inbruges,7054026.0279
incrediblehulk,7054026.0279
indianajones4,7054026.0279
inthenameoftheking,7054026.0279
irinapalm,7054026.0279
ironman,7054026.0279
ivelovedyousolong,7054026.0279
jcvd,7054026.0279
jihadforlove,7054026.0279
journeytothecenteroftheearth,7054026.0279
jumper,7054026.0279
kabluey,7054026.0279
kissthebride,7054026.0279
kitkittredge,7054026.0279
kungfupanda,7054026.0279
lakecity,7054026.0279
lakeviewterrace,7054026.0279
lastchanceharvey2008,7054026.0279
leatherheads,7054026.0279
loureedsberlin,7054026.0279
loveguru,7054026.0279
lowerlearning,7054026.0279
luckyones,7054026.0279
madeofhonor,7054026.0279
madmoney,7054026.0279
mammamia,7054026.0279
manonwire,7054026.0279
marleyandme,7054026.0279
marriedlife,7054026.0279
matador2008,7054026.0279
maxpayne,7054026.0279
meetbill,7054026.0279
meetdave,7054026.0279
meetthespartans,7054026.0279
milk2008,7054026.0279
miracleatstanna,7054026.0279
mirrors,7054026.0279
missconception,7054026.0279
misspettigrewlivesforaday,7054026.0279
misterfoe,7054026.0279
misterlonely,7054026.0279
mommasman,7054026.0279
mongol,7054026.0279
morninglight,7054026.0279
movingmidway,7054026.0279
mummy3,7054026.0279
mybestfriendsgirl,7054026.0279
myblueberrynights2008,7054026.0279
neverbackdown,7054026.0279
nickandnorah,7054026.0279
nightsinrodanthe,7054026.0279
nimsisland,7054026.0279
nobelson2008,7054026.0279
nothingliketheholidays,7054026.0279
onemissedcall2007,7054026.0279
ontherumbariver,7054026.0279
otherboleyngirl,7054026.0279
otherendoftheline,7054026.0279
overherdeadbody,7054026.0279
paranoidpark,7054026.0279
passengers2008,7054026.0279
pathology,7054026.0279
pattismith,7054026.0279
penelope,7054026.0279
pineappleexpress,7054026.0279
pingpongplaya,7054026.0279
pirateswhodon'tdoanything,7054026.0279
planetbboy,7054026.0279
prayingwithlior,7054026.0279
praythedevilbacktohell,7054026.0279
prideandglory,7054026.0279
princecaspian,7054026.0279
promnight,7054026.0279
promotion,7054026.0279
punisher2,7054026.0279
quantumofsolace,7054026.0279
quarantine,7054026.0279
rachelgettingmarried,7054026.0279
rambo2007,7054026.0279
reader,7054026.0279
redbelt,7054026.0279
religulous,7054026.0279
repo,7054026.0279
revolutionaryroad,7054026.0279
righteouskill,7054026.0279
rocker,7054026.0279
rocknrolla,7054026.0279
rogue,7054026.0279
rolemodels,7054026.0279
romanpolanski,7054026.0279
romulusmyfather,7054026.0279
roscoejenkins,7054026.0279
ruins,7054026.0279
runfatboyrun,7054026.0279
savagegrace,7054026.0279
saveme,7054026.0279
sawv,7054026.0279
secretlifeofbees,7054026.0279
semipro,7054026.0279
sevenpounds2008,7054026.0279
sexanddeath101,7054026.0279
sexdrive,7054026.0279
shinealight,7054026.0279
shotgunstories,7054026.0279
shrooms,7054026.0279
shutter,7054026.0279
signal,7054026.0279
sisterhood2,7054026.0279
sleepwalking,7054026.0279
slumdogmillionaire,7054026.0279
smartpeople,7054026.0279
snowangels,7054026.0279
sonoframbow,7054026.0279
soulmen,7054026.0279
spacechimps,7054026.0279
special,7054026.0279
speedracer,7054026.0279
spiderwickchronicles,7054026.0279
spirit2008,7054026.0279
splinter,7054026.0279
standardoperatingprocedure,7054026.0279
stepbrothers,7054026.0279
stepup2thestreets,7054026.0279
stoneangel,7054026.0279
strangers,7054026.0279
strangewilderness,7054026.0279
streetkings,7054026.0279
stuck,7054026.0279
sukiyaki,7054026.0279
superheromovie,7054026.0279
surferdude,7054026.0279
surfwise,7054026.0279
swingvote,7054026.0279
synecdocheny,7054026.0279
take2007,7054026.0279
taleofdespereaux2008,7054026.0279
taxitothedarkside,7054026.0279
teeth,7054026.0279
thenshefoundme,7054026.0279
thousandyearsofgoodprayers,7054026.0279
tothelimit,7054026.0279
towelhead,7054026.0279
traceyfragments,7054026.0279
trailerparkboys,7054026.0279
traitor,7054026.0279
transsiberian,7054026.0279
tropicthunder,7054026.0279
troublethewater,7054026.0279
truloved,7054026.0279
turntheriver,7054026.0279
twilight2008,7054026.0279
untraceable,7054026.0279
valkyrie,7054026.0279
vantagepoint,7054026.0279
vickycristinabarcelona,7054026.0279
visitor2007,7054026.0279
w,7054026.0279
wackness,7054026.0279
walle,7054026.0279
waltzwithbashir2008,7054026.0279
wanted,7054026.0279
warinc,7054026.0279
wendyandlucy,7054026.0279
whathappensinvegas,7054026.0279
whatwedoissecret,7054026.0279
whereisosamabinladen,7054026.0279
wildwestcomedyshow,7054026.0279
withouttheking,7054026.0279
witlessprotection,7054026.0279
women2008,7054026.0279
wrestler2008,7054026.0279
xfilesiwanttobelieve,7054026.0279
yesman,7054026.0279
youdontmesswiththezohan,7054026.0279
zackandmiri,7054026.0279
12rounds,7054026.0279
2012,7054026.0279
9,7054026.0279
adam,7054026.0279
adoration,7054026.0279
adventureland,7054026.0279
aliensintheattic,7054026.0279
alientrespass,7054026.0279
allaboutsteve,7054026.0279
amelia,7054026.0279
americanaffair,7054026.0279
americanswing,7054026.0279
americanviolet,7054026.0279
amreeka,7054026.0279
angelsanddemons,7054026.0279
answerman,7054026.0279
anvilthestoryofanvil,7054026.0279
armored,7054026.0279
astroboy,7054026.0279
awaywego,7054026.0279
bandslam,7054026.0279
bartgotaroom,7054026.0279
battleforterra,7054026.0279
beachesofagnes,7054026.0279
beyondareasonabledoubt,7054026.0279
bigfan,7054026.0279
bigmanjapan,7054026.0279
blackdynamite,7054026.0279
blinddate,7054026.0279
blindside,7054026.0279
bliss,7054026.0279
bobfunk,7054026.0279
boondocksaints2,7054026.0279
box,7054026.0279
boysareback,7054026.0279
bridewars,7054026.0279
briefinterviewswithhideousmen,7054026.0279
brightstar,7054026.0279
brokenembraces,7054026.0279
bronson,7054026.0279
brothersbloom,7054026.0279
bruno,7054026.0279
burningplain,7054026.0279
capitalism,7054026.0279
casidivas,7054026.0279
chandnichowktochina,7054026.0279
chelseaontherocks,7054026.0279
cheri,7054026.0279
cherryblossoms,7054026.0279
cloudywithachanceofmeatballs,7054026.0279
cocobeforechanel,7054026.0279
coldsouls,7054026.0279
coraline,7054026.0279
couplesretreat,7054026.0279
cove,7054026.0279
crankhighvoltage,7054026.0279
crossingover,7054026.0279
crude2009,7054026.0279
damnedunited,7054026.0279
danceflick,7054026.0279
dare,7054026.0279
deadsnow,7054026.0279
departures,7054026.0279
didyouhearaboutthemorgans2009,7054026.0279
district9,7054026.0279
downloadingnancy,7054026.0279
dragmetohell,7054026.0279
dragonballevolution,7054026.0279
duplicity,7054026.0279
earth2009,7054026.0279
easyvirtue,7054026.0279
edgeoflove,7054026.0279
endgame,7054026.0279
everybodysfine,7054026.0279
everylittlestep,7054026.0279
examinedlife,7054026.0279
explicitills,7054026.0279
extract,7054026.0279
fados,7054026.0279
fame,7054026.0279
fanboys,7054026.0279
fantasticmrfox,7054026.0279
fastandfurious4,7054026.0279
fighting,7054026.0279
finaldestination4,7054026.0279
firedup,7054026.0279
fix,7054026.0279
foodinc,7054026.0279
fridaythe13th2009,7054026.0279
funnypeople,7054026.0279
gamer,7054026.0279
gentlemenbroncos,7054026.0279
gforce,7054026.0279
ghostsofgirlfriendspast,7054026.0279
gigante,7054026.0279
gigantic,7054026.0279
girlfriendexperience,7054026.0279
gogolbordellononstop,7054026.0279
goodbyesolo,7054026.0279
goodhair,7054026.0279
goods,7054026.0279
grace,7054026.0279
greatbuckhoward,7054026.0279
halloweenii2009,7054026.0279
hangover,7054026.0279
hannahmontanathemovie,7054026.0279
harrypotter6,7054026.0279
hauntinginconnecticut,7054026.0279
hesjustnot,7054026.0279
hotelfordogs,7054026.0279
humpday,7054026.0279
hurtlocker,7054026.0279
icandobadallbymyself,7054026.0279
iceage3,7054026.0279
ihatevalentinesday,7054026.0279
ihopetheyservebeerinhell,7054026.0279
ildivo,7054026.0279
iloveyoubethcooper,7054026.0279
iloveyouman,7054026.0279
imaginethat,7054026.0279
informers,7054026.0279
inglouriousbasterds,7054026.0279
inkheart,7054026.0279
international,7054026.0279
intheloop,7054026.0279
inventionoflying,7054026.0279
isanybodythere,7054026.0279
itmightgetloud,7054026.0279
jennifersbody,7054026.0279
jonasbrothers3d,7054026.0279
julia,7054026.0279
julieandjulia,7054026.0279
katyn,7054026.0279
knowing,7054026.0279
landofthelost,7054026.0279
lasthouseontheleft,7054026.0279
lawabidingcitizen,7054026.0279
limitsofcontrol,7054026.0279
littleashes,7054026.0279
lovehappens,7054026.0279
lymelife,7054026.0279
madeagoestojail,7054026.0279
management,7054026.0279
medicine,7054026.0279
menwhostareatgoats,7054026.0279
missmarch,7054026.0279
monstersvsaliens,7054026.0279
moon,7054026.0279
morethanagame,7054026.0279
motherhood,7054026.0279
mutantchronicles,7054026.0279
mylifeinruins,7054026.0279
mysisterskeeper,7054026.0279
mysteriesofpittsburgh,7054026.0279
newintown,7054026.0279
nextdayair,7054026.0279
nightatthemuseum2,7054026.0279
ninjaassassin,7054026.0279
noimpactman,7054026.0279
noteasilybroken,7054026.0279
notforgotten,7054026.0279
notorious,7054026.0279
nyiloveyou,7054026.0279
objective,7054026.0279
observeandreport,7054026.0279
obsessed,7054026.0279
oftimeandthecity,7054026.0279
ohorten,7054026.0279
olddogs,7054026.0279
orphan,7054026.0279
otherman,7054026.0279
outlander,7054026.0279
pandorum,7054026.0279
paperheart,7054026.0279
paranormalactivity,7054026.0279
paulblart,7054026.0279
perfectgetaway,7054026.0279
peterandvandy,7054026.0279
phoebeinwonderland,7054026.0279
pinkpanther2,7054026.0279
planet51,7054026.0279
pontypool,7054026.0279
ponyo,7054026.0279
postgrad,7054026.0279
precious,7054026.0279
privatelivesofpippalee,7054026.0279
proposal,7054026.0279
publicenemies,7054026.0279
push,7054026.0279
redcliff,7054026.0279
revanche,7054026.0279
rudoycursi,7054026.0279
saw6,7054026.0279
septemberissue,7054026.0279
seraphine,7054026.0279
seriousman,7054026.0279
seriousmoonlight,7054026.0279
severedways,7054026.0279
shallwekiss,7054026.0279
shermansway,7054026.0279
shorts,7054026.0279
shrink,7054026.0279
sinnombre,7054026.0279
soloist,7054026.0279
somerstown,7054026.0279
sororityrow,7054026.0279
soulpower,7054026.0279
spinningintobutter,7054026.0279
splinterheads,7054026.0279
spread,7054026.0279
startrek2009,7054026.0279
stateofplay,7054026.0279
stepfather,7054026.0279
stoningofsorayam,7054026.0279
streetfighterlegendofchunli,7054026.0279
sttrinians,7054026.0279
sugar,7054026.0279
sunshinecleaning,7054026.0279
surrogates,7054026.0279
surveillance,7054026.0279
taken2009,7054026.0279
takingwoodstock,7054026.0279
taxidermia,7054026.0279
tennessee,7054026.0279
terminatorsalvation,7054026.0279
thirst,7054026.0279
thisisit,7054026.0279
timetravelerswife,7054026.0279
tokyo,7054026.0279
transformers2,7054026.0279
treelessmountain,7054026.0279
trucker,7054026.0279
tulpan,7054026.0279
twolovers,7054026.0279
tyson,7054026.0279
uglytruth,7054026.0279
uninvited,7054026.0279
unmistakenchild,7054026.0279
up,7054026.0279
watchmen,7054026.0279
weathergirl,7054026.0279
weddingsong,7054026.0279
weliveinpublic2009,7054026.0279
whateverworks,7054026.0279
whatgoesup,7054026.0279
wherethewildthingsare,7054026.0279
whipit,7054026.0279
whiteout,7054026.0279
witchmountain,7054026.0279
wolverine,7054026.0279
womenintrouble,7054026.0279
worldsgreatestdad,7054026.0279
yearone,7054026.0279
zombieland,7054026.0279
